{
	"info": {
		"_postman_id": "3a64c4ed-f469-4441-a3b2-2a958b0f599a",
		"name": "Postman Asssessment",
		"schema": "https://schema.getpostman.com/json/collection/v2.1.0/collection.json"
	},
	"item": [
		{
			"name": "Validate response status code and the response message",
			"event": [
				{
					"listen": "test",
					"script": {
						"exec": [
							"pm.test(\"Test to validate status code is 200\", () => {\r",
							"  pm.response.to.have.status(200);\r",
							"});\r",
							"\r",
							"pm.test(\"Test to validate title and body has content\", function () {\r",
							"    var jsonData = pm.response.json();  \r",
							"\r",
							"    for (var data in jsonData){\r",
							"        var nodeValue = jsonData[data];    \r",
							"        pm.expect(nodeValue.title).to.have.length.greaterThan(1);\r",
							"        pm.expect(nodeValue.body).to.have.length.greaterThan(1);    \r",
							"    }\r",
							"});\r",
							"\r",
							"pm.test(\"Test to validate json response does not have field zombie\", function () \r",
							"{\r",
							"    var jsonData = pm.response.json(); \r",
							"    for (var data in jsonData){\r",
							"    var nodeValue = jsonData[data];   \r",
							"    pm.expect(!nodeValue.hasOwnProperty(\"zombie\")).to.equal(true);\r",
							"    }\r",
							"});\r",
							""
						],
						"type": "text/javascript"
					}
				}
			],
			"request": {
				"method": "GET",
				"header": [],
				"url": {
					"raw": "https://jsonplaceholder.typicode.com/posts/",
					"protocol": "https",
					"host": [
						"jsonplaceholder",
						"typicode",
						"com"
					],
					"path": [
						"posts",
						""
					]
				}
			},
			"response": []
		},
		{
			"name": "Validate response status code and response content",
			"event": [
				{
					"listen": "test",
					"script": {
						"exec": [
							"pm.test(\"Test to validate response code is either 200 or 201\", () => {\r",
							"  pm.expect(pm.response.code).to.be.oneOf([200,201]);\r",
							"});\r",
							"\r",
							"pm.test(\"Test to validate data contains any of bacon','cheese','mushroom\", function () {\r",
							"    var jsonData = pm.response.json();    \r",
							"    var toppingsValue = jsonData.json.topping;    \r",
							"    pm.expect(toppingsValue).to.includes.oneOf(['bacon','cheese','mushroom']);\r",
							"});\r",
							"\r",
							"pm.test(\"Test to validate data does not contain chicken\", function () {\r",
							"    var jsonData = pm.response.json();\r",
							"    var toppingsValue = jsonData.json.topping;    \r",
							"    pm.expect(toppingsValue).to.not.include(\"chicken\");\r",
							"});"
						],
						"type": "text/javascript"
					}
				}
			],
			"request": {
				"method": "POST",
				"header": [],
				"body": {
					"mode": "raw",
					"raw": "{\r\n   \"student\":\"Tim Allen\",\r\n   \"email_address\":\"tim@homeimprovement.com\",\r\n   \"phone\":\"(408) 8674530\",\r\n   \"current_grade\":\"B+\",\r\n   \"topping\":[\r\n      \"bacon\",\r\n      \"cheese\",\r\n      \"mushroom\"\r\n   ]\r\n}",
					"options": {
						"raw": {
							"language": "json"
						}
					}
				},
				"url": {
					"raw": "https://httpbin.org/post",
					"protocol": "https",
					"host": [
						"httpbin",
						"org"
					],
					"path": [
						"post"
					]
				}
			},
			"response": []
		}
	]
}